id,name
1,Cust1
2,Cust2
3,Cust3
4,Cust4
5,Cust5
6,Cust6
7,Cust7
8,Cust8
9,Cust9
10,Cust10
11,Cust11
12,Cust12
13,Cust13
14,Cust14
15,Cust15
16,Cust16
17,Cust17
18,Cust18
19,Cust19
20,Cust20
21,Cust21
22,Cust22
23,Cust23
24,Cust24
25,Cust25
26,Cust26
27,Cust27
28,Cust28
29,Cust29
30,Cust30
31,Cust31
32,Cust32
33,Cust33
34,Cust34
35,Cust35
36,Cust36
37,Cust37
38,Cust38
39,Cust39
40,Cust40
41,Cust41
42,Cust42
43,Cust43
44,Cust44
45,Cust45
46,Cust46
47,Cust47
48,Cust48
49,Cust49
50,Cust50
51,Cust51
52,Cust52
53,Cust53
54,Cust54
55,Cust55
56,Cust56
57,Cust57
58,Cust58
59,Cust59
60,Cust60
61,Cust61
62,Cust62
63,Cust63
64,Cust64
65,Cust65
66,Cust66
67,Cust67
68,Cust68
69,Cust69
70,Cust70
71,Cust71
72,Cust72
73,Cust73
74,Cust74
75,Cust75
76,Cust76
77,Cust77
78,Cust78
79,Cust79
80,Cust80
81,Cust81
82,Cust82
83,Cust83
84,Cust84
85,Cust85
86,Cust86
87,Cust87
88,Cust88
89,Cust89
90,Cust90
91,Cust91
92,Cust92
93,Cust93
94,Cust94
95,Cust95
96,Cust96
97,Cust97
98,Cust98
99,Cust99
100,Cust100
101,Cust101
102,Cust102
103,Cust103
104,Cust104
105,Cust105
106,Cust106
107,Cust107
108,Cust108
109,Cust109
110,Cust110
111,Cust111
112,Cust112
113,Cust113
114,Cust114
115,Cust115
116,Cust116
117,Cust117
118,Cust118
119,Cust119
120,Cust120
121,Cust121
122,Cust122
123,Cust123
124,Cust124
125,Cust125
126,Cust126
127,Cust127
128,Cust128
129,Cust129
130,Cust130
131,Cust131
132,Cust132
133,Cust133
134,Cust134
135,Cust135
136,Cust136
137,Cust137
138,Cust138
139,Cust139
140,Cust140
141,Cust141
142,Cust142
143,Cust143
144,Cust144
145,Cust145
146,Cust146
147,Cust147
148,Cust148
149,Cust149
150,Cust150
151,Cust151
152,Cust152
153,Cust153
154,Cust154
155,Cust155
156,Cust156
157,Cust157
158,Cust158
159,Cust159
160,Cust160
161,Cust161
162,Cust162
163,Cust163
164,Cust164
165,Cust165
166,Cust166
167,Cust167
168,Cust168
169,Cust169
170,Cust170
171,Cust171
172,Cust172
173,Cust173
174,Cust174
175,Cust175
176,Cust176
177,Cust177
178,Cust178
179,Cust179
180,Cust180
181,Cust181
182,Cust182
183,Cust183
184,Cust184
185,Cust185
186,Cust186
187,Cust187
188,Cust188
189,Cust189
190,Cust190
191,Cust191
192,Cust192
193,Cust193
194,Cust194
195,Cust195
196,Cust196
197,Cust197
198,Cust198
199,Cust199
200,Cust200
201,Cust201
202,Cust202
203,Cust203
204,Cust204
205,Cust205
206,Cust206
207,Cust207
208,Cust208
209,Cust209
210,Cust210
211,Cust211
212,Cust212
213,Cust213
214,Cust214
215,Cust215
216,Cust216
217,Cust217
218,Cust218
219,Cust219
220,Cust220
221,Cust221
222,Cust222
223,Cust223
224,Cust224
225,Cust225
226,Cust226
227,Cust227
228,Cust228
229,Cust229
230,Cust230
231,Cust231
232,Cust232
233,Cust233
234,Cust234
235,Cust235
236,Cust236
237,Cust237
238,Cust238
239,Cust239
240,Cust240
241,Cust241
242,Cust242
243,Cust243
244,Cust244
245,Cust245
246,Cust246
247,Cust247
248,Cust248
249,Cust249
250,Cust250
251,Cust251
252,Cust252
253,Cust253
254,Cust254
255,Cust255
256,Cust256
257,Cust257
258,Cust258
259,Cust259
260,Cust260
261,Cust261
262,Cust262
263,Cust263
264,Cust264
265,Cust265
266,Cust266
267,Cust267
268,Cust268
269,Cust269
270,Cust270
271,Cust271
272,Cust272
273,Cust273
274,Cust274
275,Cust275
276,Cust276
277,Cust277
278,Cust278
279,Cust279
280,Cust280
281,Cust281
282,Cust282
283,Cust283
284,Cust284
285,Cust285
286,Cust286
287,Cust287
288,Cust288
289,Cust289
290,Cust290
291,Cust291
292,Cust292
293,Cust293
294,Cust294
295,Cust295
296,Cust296
297,Cust297
298,Cust298
299,Cust299
300,Cust300
301,Cust301
302,Cust302
303,Cust303
304,Cust304
305,Cust305
306,Cust306
307,Cust307
308,Cust308
309,Cust309
310,Cust310
311,Cust311
312,Cust312
313,Cust313
314,Cust314
315,Cust315
316,Cust316
317,Cust317
318,Cust318
319,Cust319
320,Cust320
321,Cust321
322,Cust322
323,Cust323
324,Cust324
325,Cust325
326,Cust326
327,Cust327
328,Cust328
329,Cust329
330,Cust330
331,Cust331
332,Cust332
333,Cust333
334,Cust334
335,Cust335
336,Cust336
337,Cust337
338,Cust338
339,Cust339
340,Cust340
341,Cust341
342,Cust342
343,Cust343
344,Cust344
345,Cust345
346,Cust346
347,Cust347
348,Cust348
349,Cust349
350,Cust350
351,Cust351
352,Cust352
353,Cust353
354,Cust354
355,Cust355
356,Cust356
357,Cust357
358,Cust358
359,Cust359
360,Cust360
361,Cust361
362,Cust362
363,Cust363
364,Cust364
365,Cust365
366,Cust366
367,Cust367
368,Cust368
369,Cust369
370,Cust370
371,Cust371
372,Cust372
373,Cust373
374,Cust374
375,Cust375
376,Cust376
377,Cust377
378,Cust378
379,Cust379
380,Cust380
381,Cust381
382,Cust382
383,Cust383
384,Cust384
385,Cust385
386,Cust386
387,Cust387
388,Cust388
389,Cust389
390,Cust390
391,Cust391
392,Cust392
393,Cust393
394,Cust394
395,Cust395
396,Cust396
397,Cust397
398,Cust398
399,Cust399
400,Cust400
401,Cust401
402,Cust402
403,Cust403
404,Cust404
405,Cust405
406,Cust406
407,Cust407
408,Cust408
409,Cust409
410,Cust410
411,Cust411
412,Cust412
413,Cust413
414,Cust414
415,Cust415
416,Cust416
417,Cust417
418,Cust418
419,Cust419
420,Cust420
421,Cust421
422,Cust422
423,Cust423
424,Cust424
425,Cust425
426,Cust426
427,Cust427
428,Cust428
429,Cust429
430,Cust430
431,Cust431
432,Cust432
433,Cust433
434,Cust434
435,Cust435
436,Cust436
437,Cust437
438,Cust438
439,Cust439
440,Cust440
441,Cust441
442,Cust442
443,Cust443
444,Cust444
445,Cust445
446,Cust446
447,Cust447
448,Cust448
449,Cust449
450,Cust450
451,Cust451
452,Cust452
453,Cust453
454,Cust454
455,Cust455
456,Cust456
457,Cust457
458,Cust458
459,Cust459
460,Cust460
461,Cust461
462,Cust462
463,Cust463
464,Cust464
465,Cust465
466,Cust466
467,Cust467
468,Cust468
469,Cust469
470,Cust470
471,Cust471
472,Cust472
473,Cust473
474,Cust474
475,Cust475
476,Cust476
477,Cust477
478,Cust478
479,Cust479
480,Cust480
481,Cust481
482,Cust482
483,Cust483
484,Cust484
485,Cust485
486,Cust486
487,Cust487
488,Cust488
489,Cust489
490,Cust490
491,Cust491
492,Cust492
493,Cust493
494,Cust494
495,Cust495
496,Cust496
497,Cust497
498,Cust498
499,Cust499
500,Cust500
501,Cust501
502,Cust502
503,Cust503
504,Cust504
505,Cust505
506,Cust506
507,Cust507
508,Cust508
509,Cust509
510,Cust510
511,Cust511
512,Cust512
513,Cust513
514,Cust514
515,Cust515
516,Cust516
517,Cust517
518,Cust518
519,Cust519
520,Cust520
521,Cust521
522,Cust522
523,Cust523
524,Cust524
525,Cust525
526,Cust526
527,Cust527
528,Cust528
529,Cust529
530,Cust530
531,Cust531
532,Cust532
533,Cust533
534,Cust534
535,Cust535
536,Cust536
537,Cust537
538,Cust538
539,Cust539
540,Cust540
541,Cust541
542,Cust542
543,Cust543
544,Cust544
545,Cust545
546,Cust546
547,Cust547
548,Cust548
549,Cust549
550,Cust550
551,Cust551
552,Cust552
553,Cust553
554,Cust554
555,Cust555
556,Cust556
557,Cust557
558,Cust558
559,Cust559
560,Cust560
561,Cust561
562,Cust562
563,Cust563
564,Cust564
565,Cust565
566,Cust566
567,Cust567
568,Cust568
569,Cust569
570,Cust570
571,Cust571
572,Cust572
573,Cust573
574,Cust574
575,Cust575
576,Cust576
577,Cust577
578,Cust578
579,Cust579
580,Cust580
581,Cust581
582,Cust582
583,Cust583
584,Cust584
585,Cust585
586,Cust586
587,Cust587
588,Cust588
589,Cust589
590,Cust590
591,Cust591
592,Cust592
593,Cust593
594,Cust594
595,Cust595
596,Cust596
597,Cust597
598,Cust598
599,Cust599
600,Cust600
601,Cust601
602,Cust602
603,Cust603
604,Cust604
605,Cust605
606,Cust606
607,Cust607
608,Cust608
609,Cust609
610,Cust610
611,Cust611
612,Cust612
613,Cust613
614,Cust614
615,Cust615
616,Cust616
617,Cust617
618,Cust618
619,Cust619
620,Cust620
621,Cust621
622,Cust622
623,Cust623
624,Cust624
625,Cust625
626,Cust626
627,Cust627
628,Cust628
629,Cust629
630,Cust630
631,Cust631
632,Cust632
633,Cust633
634,Cust634
635,Cust635
636,Cust636
637,Cust637
638,Cust638
639,Cust639
640,Cust640
641,Cust641
642,Cust642
643,Cust643
644,Cust644
645,Cust645
646,Cust646
647,Cust647
648,Cust648
649,Cust649
650,Cust650
